urun_adi,fiyat,resim_url
9073359768410sp - Gümüş Rose Papatya Seviyor Sevmiyor Bayan Kolye Gümüş,1054.05,https://n11scdn.akamaized.net/static/css/jquery/img/blank.gif
9024350542417sp - Gümüş Kar Tanesi Bayan Kolye Gümüş,1054.05,https://n11scdn.akamaized.net/static/css/jquery/img/blank.gif
9065763549037sp - Gümüş Hayat Ağacı Bayan Kolye Gümüş,1054.05,https://n11scdn.akamaized.net/static/css/jquery/img/blank.gif
Harry Potter Hogwarts Kolye Okul Amblemi Kolyesi,1083.96,https://n11scdn.akamaized.net/a1/226_339/01/82/74/64/IMG-2736853740639608689.jpg
9054766140358sp - Gümüş Siyah Yaşam Çiçeği Bayan Kolye Gümüş,1231.15,https://n11scdn.akamaized.net/static/css/jquery/img/blank.gif
9079574147931sp - Gümüş Yıldız Yaşam Çiçeği Bayan Kolye Gümüş,1231.15,https://n11scdn.akamaized.net/static/css/jquery/img/blank.gif
9098797100455sp - Gümüş Rose Kişiye Özel İsimli Zırh Plaka Kolye Gümüş,1231.15,https://n11scdn.akamaized.net/static/css/jquery/img/blank.gif
9075419062339sp - Gümüş Kartal Erkek Kolye Gümüş,1232.92,https://n11scdn.akamaized.net/static/css/jquery/img/blank.gif
9061780516755sp - Gümüş Hürrem Sultan Bayan Kolye Gümüş,1270.99,https://n11scdn.akamaized.net/static/css/jquery/img/blank.gif
9035461516617sp - Gümüş İsimlik Çubuk Kolye Gümüş,1408.25,https://n11scdn.akamaized.net/static/css/jquery/img/blank.gif
Müstesna Jwl Dünya Haritası Kolye Unisex Retro Vintage Dünya Kolyesi,1436.47,https://n11scdn.akamaized.net/static/css/jquery/img/blank.gif
9008829861421sp - Gümüş Gurmet Zincirli Oval Baget Taşlı Kadın Kolye Gümüş,1474.67,https://n11scdn.akamaized.net/static/css/jquery/img/blank.gif
9025349011389sp - Gümüş Gurmet Zincirli Yuvarlak Baget Taşlı Kadın Kolye Gümüş,1474.67,https://n11scdn.akamaized.net/static/css/jquery/img/blank.gif
9035176724123sp - Gümüş Rose Lila Lotus Çiçeği Kolye Gümüş,1496.8,https://n11scdn.akamaized.net/static/css/jquery/img/blank.gif
9060332269941sp - Gümüş Otantik Sonsuzluk Bayan Kolye Gümüş,1548.16,https://n11scdn.akamaized.net/static/css/jquery/img/blank.gif
Mucizevi Uğurböceği Trixx Rena Rouge Alya Mucize Fox Kolye,1582.7,https://n11scdn.akamaized.net/static/css/jquery/img/blank.gif
Sertifikalı Yetişkin Kehribar Kolye 60 Cm Unisex,1600.0,https://n11scdn.akamaized.net/a1/226_339/16/67/02/38/IMG-6089847392475154755.jpg
Elsa Anna Kolye Frosen Kız Çocuk Karlar Ülkesi Kolyesi,1625.73,https://n11scdn.akamaized.net/a1/226_339/10/77/11/96/IMG-3161311326021700676.jpg
9019942874892sp - Swarovski Taşlı Gümüş Kalp Tektaş Bayan Kolye Gümüş,1673.9,https://n11scdn.akamaized.net/static/css/jquery/img/blank.gif
9032347748049sp - Swarovski Taşlı Gümüş Tektaş Bayan Kolye Gümüş,1673.9,https://n11scdn.akamaized.net/static/css/jquery/img/blank.gif
9083314235505sp - Gümüş Balık Kolye Gümüş,1753.6,https://n11scdn.akamaized.net/static/css/jquery/img/blank.gif
Mucizevi Uğurböceği Trixx Rena Furtive Alya Mucize Fox Kolye Mavi,1791.54,https://n11scdn.akamaized.net/static/css/jquery/img/blank.gif
Vegvisir Viking Pusula Düz Zincir Kolye,1799.0,https://n11scdn.akamaized.net/static/css/jquery/img/blank.gif
Avenged Sevenfold Elektro Gitar Deri İp Kolye,1799.0,https://n11scdn.akamaized.net/a1/226_339/03/25/70/08/IMG-3086965486137389211.jpg
Pentagram Düz Zincir Kolye,1799.0,https://n11scdn.akamaized.net/static/css/jquery/img/blank.gif
Bıçak - Gastronomi Deri İp Kolye,1799.0,https://n11scdn.akamaized.net/static/css/jquery/img/blank.gif
Minimal Diablo - Şeytan Deri İp Kolye,1799.0,https://n11scdn.akamaized.net/static/css/jquery/img/blank.gif
Uçak Düz Zincir Kolye,1799.0,https://n11scdn.akamaized.net/static/css/jquery/img/blank.gif
Kuru Kafa Haç Düz Zincir Kolye,1799.0,https://n11scdn.akamaized.net/static/css/jquery/img/blank.gif
Slayer Deri İp Kolye,1799.0,https://n11scdn.akamaized.net/static/css/jquery/img/blank.gif
Viking Balta Düz Zincir Kolye,1799.0,https://n11scdn.akamaized.net/static/css/jquery/img/blank.gif
Aslan Kral Düz Zincir Kolye,1799.0,https://n11scdn.akamaized.net/static/css/jquery/img/blank.gif
9055015790997sp - Gümüş Rose Kuşlu Sonsuzluk İsimli Kolye Gümüş,1851.0,https://n11scdn.akamaized.net/a1/226_339/11/53/94/90/IMG-4062775904328690206.jpg
Peaky Blınders Jilet Gümüş Kaplama Kolye Ucu Kod 1345,1999.0,https://n11scdn.akamaized.net/static/css/jquery/img/blank.gif
Kuru Kafalı Haç Gümüş Kaplama Kolye Ucu Kod 1453,1999.0,https://n11scdn.akamaized.net/static/css/jquery/img/blank.gif
Ejderha Örme Zincir Kolye,1999.0,https://n11scdn.akamaized.net/static/css/jquery/img/blank.gif
Ejderha Gümüş Kaplama Kolye Ucu Kod 1444,1999.0,https://n11scdn.akamaized.net/a1/226_339/09/60/11/97/IMG-39687323584218718.jpg
Amon Amarth Elektro Gitar Örme Zincir Kolye,1999.0,https://n11scdn.akamaized.net/static/css/jquery/img/blank.gif
Orak Çekiç Gümüş Kaplama Kolye Ucu Kod 1441,1999.0,https://n11scdn.akamaized.net/a1/226_339/06/02/59/09/IMG-903823795521131379.jpg
Minimal Bts Army Örme Zincir Kolye,1999.0,https://n11scdn.akamaized.net/a1/226_339/11/41/33/72/IMG-5939063460908385078.jpg
Kaplumbağ Düz Zincir Kolye,1999.0,https://n11scdn.akamaized.net/static/css/jquery/img/blank.gif
Meryem Ana Düz Zincir Kolye,1999.0,https://n11scdn.akamaized.net/static/css/jquery/img/blank.gif
Beyzbol Sopası Düz Zincir Kolye,1999.0,https://n11scdn.akamaized.net/static/css/jquery/img/blank.gif
Melek Kanat Gümüş Kaplama Kolye Ucu Kod 1248,1999.0,https://n11scdn.akamaized.net/static/css/jquery/img/blank.gif
Çapa Düz Zincir Kolye,1999.0,https://n11scdn.akamaized.net/a1/226_339/09/98/61/35/IMG-9164004878159734669.jpg
Kelepçe Düz Zincir Kolye,1999.0,https://n11scdn.akamaized.net/static/css/jquery/img/blank.gif
Kulaklık Örme Zincir Kolye,1999.0,https://n11scdn.akamaized.net/static/css/jquery/img/blank.gif
Dikenli Kalp Örme Zincir Kolye,1999.0,https://n11scdn.akamaized.net/static/css/jquery/img/blank.gif
Anne Çocuk - Hayat Ağacı Gümüş Kaplama Kolye Ucu Kod 1322,1999.0,https://n11scdn.akamaized.net/static/css/jquery/img/blank.gif
Kartal Pençesi - Kuş Tüyü Gümüş Kaplama Kolye Ucu Kod 1327,1999.0,https://n11scdn.akamaized.net/static/css/jquery/img/blank.gif
Megadeth Elektro Gitar Örme Zincir Kolye,1999.0,https://n11scdn.akamaized.net/static/css/jquery/img/blank.gif
Göktürkçe Türk - Kurt Madalyon Düz Zincir Kolye,1999.0,https://n11scdn.akamaized.net/static/css/jquery/img/blank.gif
Güneş Ev Ay Kolye Ucu - Antik Gümüş Kaplama - Kod:16,1999.0,https://n11scdn.akamaized.net/static/css/jquery/img/blank.gif
Supernatural - Dean Winchester Düz Zincir Kolye,1999.0,https://n11scdn.akamaized.net/static/css/jquery/img/blank.gif
9021473990750sp - Swarovski Taşlı Gümüş Melek Bayan Kolye Gümüş,2116.65,https://n11scdn.akamaized.net/static/css/jquery/img/blank.gif
Tabut - İskelet Düz Zincir Kolye,2199.0,https://n11scdn.akamaized.net/static/css/jquery/img/blank.gif
Feng Shui Çin Şans Parası Örme Zincir Kolye,2199.0,https://n11scdn.akamaized.net/static/css/jquery/img/blank.gif
Kemal Atatürk İmzalı Künye Örme Zincir Kolye,2199.0,https://n11scdn.akamaized.net/static/css/jquery/img/blank.gif
Cross Motor Örme Zincir Kolye,2199.0,https://n11scdn.akamaized.net/static/css/jquery/img/blank.gif
9044010116468sp - Gümüş Kartal Pençesi Erkek Kolye Gümüş,2218.49,https://n11scdn.akamaized.net/static/css/jquery/img/blank.gif
9054603994342sp - Swarovski Taşlı Gümüş Çember Tektaş Bayan Kolye Gümüş,2382.3,https://n11scdn.akamaized.net/static/css/jquery/img/blank.gif
9080304621348sp - Swarovski Taşlı Gümüş Yıldız Tektaş Bayan Kolye Gümüş,2382.3,https://n11scdn.akamaized.net/static/css/jquery/img/blank.gif
9067014681060sp - Swarovski Taşlı Gümüş Göz Tektaş Bayan Kolye Gümüş,2382.3,https://n11scdn.akamaized.net/static/css/jquery/img/blank.gif
9097881949239sp - Gümüş Allah Yazılı Bayan Kolye Gümüş,2639.1,https://n11scdn.akamaized.net/static/css/jquery/img/blank.gif
Che Guevara Madalyon Örme Zincir Kolye,3499.0,https://n11scdn.akamaized.net/static/css/jquery/img/blank.gif
Motorhead Elektro Gitar Örme Zincir Kolye,3499.0,https://n11scdn.akamaized.net/static/css/jquery/img/blank.gif
Minimal Pusula Örme Zincir Kolye,3499.0,https://n11scdn.akamaized.net/static/css/jquery/img/blank.gif
Adgaz Elektro Gitar Örme Zincir Kolye,3499.0,https://n11scdn.akamaized.net/static/css/jquery/img/blank.gif
Balta - Axe Örme Zincir Kolye,3499.0,https://n11scdn.akamaized.net/static/css/jquery/img/blank.gif
Viking Run Sembol Balta Örme Zincir Kolye,3499.0,https://n11scdn.akamaized.net/static/css/jquery/img/blank.gif
Slayer Elektro Gitar Örme Zincir Kolye,3499.0,https://n11scdn.akamaized.net/static/css/jquery/img/blank.gif
